loss,mape,val_loss,val_mape
0.02042723074555397,1431257.125,0.018470942974090576,1268193.75
0.017862075939774513,1223933.125,0.01744689978659153,1411527.875
