loss,mape,val_loss,val_mape
1.2516716718673706,262.371826171875,1.2518374919891357,259.0551452636719
