loss,mape,val_loss,val_mape
0.8472673892974854,230.1598358154297,0.7886258363723755,135.084228515625
0.8153926134109497,132.36474609375,0.7518444061279297,117.9205322265625
