loss,mape,val_loss,val_mape
0.8773950934410095,308.4232177734375,0.9085292220115662,198.63804626464844
0.8288498520851135,188.51658630371094,0.8220787644386292,154.76528930664062
