loss,mape,val_loss,val_mape
0.02167348377406597,1571182.625,0.019069291651248932,1364911.75
0.018684901297092438,1209939.625,0.01837952435016632,1228839.625
