loss,mape,val_loss,val_mape
1.2515275478363037,261.80279541015625,1.2449778318405151,264.64813232421875
