loss,mape,val_loss,val_mape
0.019255831837654114,1315821.0,0.016910221427679062,1331844.5
0.017435532063245773,1133670.5,0.016379695385694504,1238738.0
