loss,mape,val_loss,val_mape
0.6037876009941101,9853815.0,0.6023516058921814,9263462.0
0.603787899017334,9853826.0,0.6023516058921814,9263462.0
