loss,mape,val_loss,val_mape
2.0000782012939453,472.57684326171875,1.998486042022705,475.2651062011719
