loss,mape,val_loss,val_mape
0.818534791469574,138.32888793945312,0.7311734557151794,106.78189086914062
0.8109567761421204,109.05926513671875,0.7240639328956604,104.7700424194336
