loss,mape,val_loss,val_mape
1.1049280166625977,193.3148956298828,1.0917954444885254,188.33779907226562
