loss,mape,val_loss,val_mape
0.02199951373040676,1399452.375,0.018518149852752686,980563.0
0.01819116435945034,1259188.75,0.01710040308535099,1120563.875
