loss,mape,val_loss,val_mape
0.17979487776756287,129.3838653564453,0.1667635291814804,122.02236938476562
0.17077839374542236,127.39888763427734,0.1626729965209961,128.4928436279297
