loss,mape,val_loss,val_mape
0.6824546456336975,227.9207305908203,0.6153066158294678,165.616943359375
0.6145390272140503,166.61618041992188,0.6094828248023987,154.3942108154297
