loss,mape,val_loss,val_mape
0.7756961584091187,260.8712463378906,0.669563889503479,213.94760131835938
0.6622083187103271,206.86866760253906,0.6539925336837769,194.89697265625
