loss,mape,val_loss,val_mape
0.19652053713798523,139.225830078125,0.15963990986347198,126.70375061035156
0.16926158964633942,123.55394744873047,0.15873807668685913,119.68994140625
