loss,mape,val_loss,val_mape
0.7915344834327698,268.2849426269531,0.6749798059463501,208.3137664794922
0.667324423789978,210.86090087890625,0.6567901968955994,192.90672302246094
