loss,mape,val_loss,val_mape
0.7700967788696289,262.3382873535156,0.6676063537597656,230.35813903808594
0.6635096073150635,207.2318572998047,0.6516526937484741,218.6261444091797
