loss,mape,val_loss,val_mape
0.6204416751861572,171.947998046875,0.5897693037986755,140.8294677734375
0.5906184315681458,136.00865173339844,0.5840347409248352,133.04547119140625
