loss,mape,val_loss,val_mape
0.17721621692180634,126.31639099121094,0.16104212403297424,135.1942901611328
0.16779665648937225,118.585205078125,0.1594354212284088,124.89390563964844
