loss,mape,val_loss,val_mape
0.17461787164211273,123.2445068359375,0.15249644219875336,103.1186294555664
0.1595107465982437,116.08613586425781,0.15204834938049316,107.28112030029297
