loss,mape,val_loss,val_mape
0.8138706684112549,121.28500366210938,0.8015083074569702,99.83200073242188
0.805316150188446,99.86727905273438,0.8014727234840393,99.69173431396484
