loss,mape,val_loss,val_mape
0.8153761029243469,117.6197738647461,0.7093573212623596,100.5247802734375
0.8102544546127319,100.16618347167969,0.7089293003082275,100.34407806396484
